{
  "model": "logistic_regression",
  "seed": 42,
  "validation": {
    "pr_auc": 0.5094694098447391,
    "roc_auc": 0.6953813104189044,
    "top25pct_threshold": 0.5954353143720383,
    "top25pct_denials_predicted": 135,
    "top25pct_denial_percentage_of_total": 0.2504638218923933,
    "top25pct_precision_at_top": 0.4888888888888889,
    "top25pct_recall_at_top": 0.4714285714285714,
    "top25pct_denial_capture_rate": 0.4714285714285714
  },
  "test": {
    "pr_auc": 0.454059302137873,
    "roc_auc": 0.706488821590808,
    "top25pct_threshold": 0.5917324616381743,
    "top25pct_denials_predicted": 135,
    "top25pct_denial_percentage_of_total": 0.2504638218923933,
    "top25pct_precision_at_top": 0.37037037037037035,
    "top25pct_recall_at_top": 0.4854368932038835,
    "top25pct_denial_capture_rate": 0.4854368932038835
  }
}